Friend,Value
Kenny,138.666285714286
Kyara,105.97901793722
Sophie,70.8103888888889
Emily,93.8801485148515
Christian,82.2135454545455
